3_dig_zip,2014_accpt_loans,2014_rejected_loans,2014_Total_loans_considered,2014_pct_accepted
007,2,63.0,65.0,0.03076923076923077
008,1,45.0,46.0,0.021739130434782608
010,379,2741.0,3120.0,0.12147435897435897
011,115,1367.0,1482.0,0.07759784075573549
012,93,803.0,896.0,0.10379464285714286
013,66,495.0,561.0,0.11764705882352941
014,177,1295.0,1472.0,0.12024456521739131
015,374,2214.0,2588.0,0.1445131375579598
016,140,1173.0,1313.0,0.10662604722010663
017,273,1649.0,1922.0,0.14203954214360043
018,556,4125.0,4681.0,0.11877803888058107
019,408,2879.0,3287.0,0.12412534225737755
020,294,1791.0,2085.0,0.1410071942446043
021,1069,7993.0,9062.0,0.11796512911057162
022,23,97.0,120.0,0.19166666666666668
023,422,3039.0,3461.0,0.12193007801213522
024,215,1231.0,1446.0,0.14868603042876902
025,78,721.0,799.0,0.09762202753441802
026,133,928.0,1061.0,0.12535344015080113
027,402,3688.0,4090.0,0.09828850855745722
028,695,4728.0,5423.0,0.12815784621058454
029,344,2938.0,3282.0,0.1048141377209019
030,346,2202.0,2548.0,0.1357927786499215
031,136,945.0,1081.0,0.12580943570767808
032,153,1190.0,1343.0,0.11392405063291139
033,53,384.0,437.0,0.12128146453089245
034,67,425.0,492.0,0.13617886178861788
035,42,300.0,342.0,0.12280701754385964
036,11,85.0,96.0,0.11458333333333333
037,59,403.0,462.0,0.1277056277056277
038,283,1854.0,2137.0,0.13242863827795975
043,2,16.0,18.0,0.1111111111111111
050,52,433.0,485.0,0.10721649484536082
051,20,197.0,217.0,0.09216589861751152
052,28,278.0,306.0,0.0915032679738562
053,27,188.0,215.0,0.12558139534883722
054,239,1293.0,1532.0,0.15600522193211488
056,66,517.0,583.0,0.11320754716981132
057,69,471.0,540.0,0.12777777777777777
058,31,353.0,384.0,0.08072916666666667
059,8,31.0,39.0,0.20512820512820512
060,648,4342.0,4990.0,0.12985971943887775
061,214,2147.0,2361.0,0.09063955950868276
062,144,974.0,1118.0,0.12880143112701253
063,282,2040.0,2322.0,0.12144702842377261
064,746,4723.0,5469.0,0.13640519290546718
065,311,2288.0,2599.0,0.11966140823393613
066,243,2035.0,2278.0,0.10667251975417033
067,355,2693.0,3048.0,0.11646981627296588
068,391,2365.0,2756.0,0.14187227866473148
069,140,800.0,940.0,0.14893617021276595
070,1936,12244.0,14180.0,0.13653032440056417
071,310,3265.0,3575.0,0.08671328671328671
072,197,1509.0,1706.0,0.11547479484173505
073,307,2271.0,2578.0,0.11908456167571761
074,466,2611.0,3077.0,0.15144621384465387
075,149,1662.0,1811.0,0.08227498619547212
076,568,3467.0,4035.0,0.14076827757125154
077,570,3604.0,4174.0,0.13655965500718736
078,401,2191.0,2592.0,0.15470679012345678
079,184,913.0,1097.0,0.16773017319963537
080,1267,8866.0,10133.0,0.12503700779630908
081,103,1018.0,1121.0,0.09188224799286351
082,199,1910.0,2109.0,0.09435751541014699
083,219,1969.0,2188.0,0.10009140767824497
084,29,384.0,413.0,0.07021791767554479
085,288,1583.0,1871.0,0.153928380545163
086,205,1667.0,1872.0,0.10950854700854701
087,400,2824.0,3224.0,0.12406947890818859
088,976,5817.0,6793.0,0.14367731488296775
089,81,620.0,701.0,0.11554921540656206
090,6,65.0,71.0,0.08450704225352113
091,3,65.0,68.0,0.04411764705882353
092,2,17.0,19.0,0.10526315789473684
093,1,2.0,3.0,0.3333333333333333
094,4,18.0,22.0,0.18181818181818182
096,6,26.0,32.0,0.1875
098,2,14.0,16.0,0.125
100,1912,11385.0,13297.0,0.14379183274422802
101,74,441.0,515.0,0.1436893203883495
102,15,99.0,114.0,0.13157894736842105
103,603,4314.0,4917.0,0.12263575350823673
104,1654,15657.0,17311.0,0.0955461845069609
105,631,3682.0,4313.0,0.14630187804312544
106,90,599.0,689.0,0.13062409288824384
107,320,2197.0,2517.0,0.12713547874453715
108,106,573.0,679.0,0.1561119293078056
109,572,3781.0,4353.0,0.13140362968067998
110,256,1692.0,1948.0,0.13141683778234087
111,353,2164.0,2517.0,0.14024632499006753
112,2382,20744.0,23126.0,0.10300095131021361
113,1218,8337.0,9555.0,0.12747252747252746
114,983,8530.0,9513.0,0.10333228214022916
115,684,5088.0,5772.0,0.11850311850311851
116,107,1078.0,1185.0,0.09029535864978903
117,1700,11389.0,13089.0,0.1298800519520208
118,63,439.0,502.0,0.1254980079681275
119,258,2021.0,2279.0,0.11320754716981132
120,345,2633.0,2978.0,0.11584956346541303
121,238,2196.0,2434.0,0.09778142974527526
122,129,1200.0,1329.0,0.09706546275395034
123,156,1391.0,1547.0,0.10084033613445378
124,129,1235.0,1364.0,0.09457478005865103
125,421,3504.0,3925.0,0.10726114649681529
126,63,657.0,720.0,0.0875
127,94,859.0,953.0,0.09863588667366212
128,188,1831.0,2019.0,0.09311540366518078
129,145,1326.0,1471.0,0.09857239972807613
130,401,2932.0,3333.0,0.12031203120312031
131,157,1389.0,1546.0,0.10155239327296249
132,193,1652.0,1845.0,0.1046070460704607
133,96,1104.0,1200.0,0.08
134,191,1537.0,1728.0,0.11053240740740741
135,47,565.0,612.0,0.07679738562091504
136,183,2168.0,2351.0,0.07783921735431731
137,96,1083.0,1179.0,0.08142493638676845
138,83,1000.0,1083.0,0.07663896583564174
139,46,563.0,609.0,0.0755336617405583
140,384,2925.0,3309.0,0.11604714415231188
141,198,1435.0,1633.0,0.12124923453766075
142,530,4521.0,5051.0,0.104929716887745
143,61,631.0,692.0,0.08815028901734104
144,274,2554.0,2828.0,0.09688826025459689
145,305,2161.0,2466.0,0.12368207623682076
146,412,4043.0,4455.0,0.09248035914702582
147,143,1301.0,1444.0,0.09903047091412742
148,188,1733.0,1921.0,0.09786569495054659
149,32,388.0,420.0,0.0761904761904762
150,328,2985.0,3313.0,0.09900392393600965
151,306,2472.0,2778.0,0.1101511879049676
152,642,4573.0,5215.0,0.12310642377756471
153,153,1130.0,1283.0,0.11925175370226032
154,75,1116.0,1191.0,0.06297229219143577
155,48,507.0,555.0,0.08648648648648649
156,241,2074.0,2315.0,0.1041036717062635
157,53,675.0,728.0,0.07280219780219781
158,60,620.0,680.0,0.08823529411764706
159,83,919.0,1002.0,0.08283433133732535
160,162,1013.0,1175.0,0.13787234042553193
161,145,1366.0,1511.0,0.09596293845135671
162,53,544.0,597.0,0.08877721943048576
163,76,979.0,1055.0,0.07203791469194312
164,73,662.0,735.0,0.09931972789115646
165,106,1047.0,1153.0,0.09193408499566348
166,123,1415.0,1538.0,0.0799739921976593
167,44,339.0,383.0,0.11488250652741515
168,89,913.0,1002.0,0.08882235528942116
169,31,379.0,410.0,0.07560975609756097
170,367,3480.0,3847.0,0.09539901221731219
171,98,1309.0,1407.0,0.06965174129353234
172,123,1205.0,1328.0,0.09262048192771084
173,248,2049.0,2297.0,0.10796691336525903
174,118,1136.0,1254.0,0.09409888357256778
175,167,1593.0,1760.0,0.09488636363636363
176,96,946.0,1042.0,0.09213051823416507
177,73,1015.0,1088.0,0.06709558823529412
178,120,1422.0,1542.0,0.07782101167315175
179,72,981.0,1053.0,0.06837606837606838
180,454,3532.0,3986.0,0.11389864525840442
181,100,1132.0,1232.0,0.08116883116883117
182,102,1180.0,1282.0,0.07956318252730109
183,170,1606.0,1776.0,0.09572072072072071
184,141,1453.0,1594.0,0.08845671267252196
185,89,974.0,1063.0,0.08372530573847602
186,114,1433.0,1547.0,0.07369101486748546
187,88,1138.0,1226.0,0.07177814029363784
188,40,570.0,610.0,0.06557377049180328
189,259,1705.0,1964.0,0.1318737270875764
190,763,6729.0,7492.0,0.10184196476241324
191,769,10713.0,11482.0,0.06697439470475527
193,272,1789.0,2061.0,0.1319747695293547
194,399,2734.0,3133.0,0.12735397382700286
195,146,1282.0,1428.0,0.10224089635854341
196,151,1365.0,1516.0,0.09960422163588391
197,273,2573.0,2846.0,0.09592410400562193
198,148,1545.0,1693.0,0.0874187832250443
199,238,2776.0,3014.0,0.0789648307896483
200,636,3894.0,4530.0,0.1403973509933775
201,1045,5164.0,6209.0,0.16830407473023032
206,378,3008.0,3386.0,0.11163614884819846
207,1091,8695.0,9786.0,0.11148579603515225
208,632,3398.0,4030.0,0.15682382133995038
209,312,1919.0,2231.0,0.13984760197220977
210,687,4610.0,5297.0,0.12969605437039833
211,495,3043.0,3538.0,0.1399095534200113
212,954,8440.0,9394.0,0.10155418352139664
214,90,484.0,574.0,0.156794425087108
215,59,663.0,722.0,0.0817174515235457
216,149,1148.0,1297.0,0.11488049344641481
217,490,3118.0,3608.0,0.13580931263858093
218,130,1190.0,1320.0,0.09848484848484848
219,97,726.0,823.0,0.11786148238153099
220,454,2502.0,2956.0,0.15358592692828146
221,480,2895.0,3375.0,0.14222222222222222
222,234,1046.0,1280.0,0.1828125
223,401,2013.0,2414.0,0.16611433305716652
224,236,1779.0,2015.0,0.11712158808933003
225,230,1577.0,1807.0,0.12728278915329275
226,175,1436.0,1611.0,0.10862818125387957
227,89,612.0,701.0,0.12696148359486448
228,98,874.0,972.0,0.10082304526748971
229,191,1536.0,1727.0,0.11059640995946729
230,193,1524.0,1717.0,0.11240535818287711
231,321,2230.0,2551.0,0.1258330066640533
232,411,4097.0,4508.0,0.0911712511091393
233,196,2187.0,2383.0,0.08224926563155686
234,497,5452.0,5949.0,0.08354345268112288
235,148,2198.0,2346.0,0.06308610400682012
236,273,3728.0,4001.0,0.06823294176455887
237,57,1050.0,1107.0,0.051490514905149054
238,290,2797.0,3087.0,0.09394233884029803
239,52,704.0,756.0,0.06878306878306878
240,234,2247.0,2481.0,0.094316807738815
241,136,1422.0,1558.0,0.08729139922978177
242,77,1100.0,1177.0,0.06542056074766354
243,85,1035.0,1120.0,0.07589285714285714
244,84,964.0,1048.0,0.08015267175572519
245,244,2629.0,2873.0,0.08492864601461887
246,37,484.0,521.0,0.0710172744721689
247,50,469.0,519.0,0.09633911368015415
248,16,196.0,212.0,0.07547169811320754
249,39,276.0,315.0,0.12380952380952381
250,33,476.0,509.0,0.06483300589390963
251,49,406.0,455.0,0.1076923076923077
252,24,305.0,329.0,0.0729483282674772
253,83,693.0,776.0,0.10695876288659793
254,266,1542.0,1808.0,0.14712389380530974
255,84,744.0,828.0,0.10144927536231885
256,19,321.0,340.0,0.05588235294117647
257,44,418.0,462.0,0.09523809523809523
258,54,609.0,663.0,0.08144796380090498
259,29,325.0,354.0,0.08192090395480225
260,88,812.0,900.0,0.09777777777777778
261,78,750.0,828.0,0.09420289855072464
262,60,528.0,588.0,0.10204081632653061
263,79,624.0,703.0,0.112375533428165
264,36,408.0,444.0,0.08108108108108109
265,123,1136.0,1259.0,0.0976965845909452
266,17,217.0,234.0,0.07264957264957266
267,31,321.0,352.0,0.08806818181818182
268,17,223.0,240.0,0.07083333333333333
270,165,1488.0,1653.0,0.0998185117967332
271,168,1558.0,1726.0,0.09733487833140209
272,348,3488.0,3836.0,0.09071949947862357
273,249,2295.0,2544.0,0.09787735849056604
274,213,2349.0,2562.0,0.08313817330210772
275,901,6734.0,7635.0,0.11800916830386378
276,471,3435.0,3906.0,0.1205837173579109
277,210,1772.0,1982.0,0.10595358224016145
278,251,3624.0,3875.0,0.0647741935483871
279,98,1233.0,1331.0,0.07362885048835462
280,506,4209.0,4715.0,0.1073170731707317
281,375,3572.0,3947.0,0.09500886749429947
282,760,6310.0,7070.0,0.1074964639321075
283,524,7109.0,7633.0,0.06864928599502161
284,297,2748.0,3045.0,0.09753694581280788
285,271,4003.0,4274.0,0.06340664482919982
286,303,3317.0,3620.0,0.08370165745856353
287,255,2812.0,3067.0,0.08314313661558526
288,71,690.0,761.0,0.09329829172141918
289,16,187.0,203.0,0.07881773399014778
290,251,3093.0,3344.0,0.07505980861244019
291,180,2716.0,2896.0,0.062154696132596686
292,250,2719.0,2969.0,0.08420343550016841
293,228,2850.0,3078.0,0.07407407407407407
294,560,6223.0,6783.0,0.0825593395252838
295,372,4933.0,5305.0,0.0701225259189444
296,617,6138.0,6755.0,0.09133974833456698
297,243,2712.0,2955.0,0.08223350253807106
298,141,1526.0,1667.0,0.08458308338332333
299,132,1358.0,1490.0,0.08859060402684564
300,2085,16871.0,18956.0,0.10999155940071745
301,1094,9214.0,10308.0,0.10613116026387272
302,797,8337.0,9134.0,0.08725640464199694
303,824,7209.0,8033.0,0.10257687040956057
304,107,1253.0,1360.0,0.07867647058823529
305,446,3695.0,4141.0,0.10770345327215648
306,252,2370.0,2622.0,0.09610983981693363
307,213,2163.0,2376.0,0.08964646464646464
308,180,1437.0,1617.0,0.11131725417439703
309,110,1497.0,1607.0,0.06845052893590542
310,316,3260.0,3576.0,0.0883668903803132
311,9,23.0,32.0,0.28125
312,91,1156.0,1247.0,0.07297514033680834
313,197,2195.0,2392.0,0.08235785953177258
314,146,1845.0,1991.0,0.07332998493219488
315,189,2092.0,2281.0,0.08285839544059623
316,114,1281.0,1395.0,0.08172043010752689
317,172,2100.0,2272.0,0.07570422535211267
318,60,545.0,605.0,0.09917355371900827
319,153,1757.0,1910.0,0.08010471204188482
320,416,3430.0,3846.0,0.10816432657306292
321,335,3354.0,3689.0,0.09081051775548929
322,671,6515.0,7186.0,0.09337600890620651
323,247,2568.0,2815.0,0.08774422735346359
324,179,2143.0,2322.0,0.07708871662360034
325,451,4263.0,4714.0,0.09567246499787865
326,195,1879.0,2074.0,0.0940212150433944
327,804,6567.0,7371.0,0.10907610907610908
328,829,7476.0,8305.0,0.09981938591210114
329,478,4048.0,4526.0,0.10561201944321696
330,1606,12915.0,14521.0,0.11059844363335858
331,1929,15068.0,16997.0,0.11349061599105724
332,16,73.0,89.0,0.1797752808988764
333,877,6305.0,7182.0,0.12211083263714842
334,1230,9041.0,10271.0,0.11975464901178075
335,629,4694.0,5323.0,0.11816644749201578
336,606,4853.0,5459.0,0.11100934237039752
337,638,4559.0,5197.0,0.12276313257648644
338,491,4587.0,5078.0,0.09669161087042143
339,522,4586.0,5108.0,0.10219263899765074
341,223,1718.0,1941.0,0.11488923235445647
342,521,4095.0,4616.0,0.1128682842287695
344,263,2787.0,3050.0,0.08622950819672132
346,547,4292.0,4839.0,0.11303988427361025
347,602,5323.0,5925.0,0.10160337552742615
349,393,3091.0,3484.0,0.11280137772675086
350,336,3427.0,3763.0,0.08929045973956949
351,236,2396.0,2632.0,0.08966565349544073
352,322,4116.0,4438.0,0.07255520504731862
353,1,7.0,8.0,0.125
354,123,1632.0,1755.0,0.07008547008547009
355,77,989.0,1066.0,0.07223264540337711
356,158,2215.0,2373.0,0.06658238516645597
357,184,1594.0,1778.0,0.10348706411698538
358,130,1411.0,1541.0,0.08436080467229072
359,114,1731.0,1845.0,0.061788617886178863
360,209,2203.0,2412.0,0.08665008291873963
361,156,1900.0,2056.0,0.07587548638132295
362,108,1404.0,1512.0,0.07142857142857142
363,152,1922.0,2074.0,0.07328833172613308
364,50,729.0,779.0,0.06418485237483953
365,261,2570.0,2831.0,0.0921935711762628
366,153,2368.0,2521.0,0.06069020230067434
367,48,824.0,872.0,0.05504587155963303
368,200,2249.0,2449.0,0.08166598611678236
369,8,125.0,133.0,0.06015037593984962
370,706,6659.0,7365.0,0.09585879158180584
371,435,4441.0,4876.0,0.08921246923707957
372,313,2610.0,2923.0,0.10708176530961341
373,271,3313.0,3584.0,0.07561383928571429
374,135,1311.0,1446.0,0.09336099585062241
376,193,2368.0,2561.0,0.07536118703631393
377,168,2054.0,2222.0,0.07560756075607561
378,272,3144.0,3416.0,0.07962529274004684
379,258,2228.0,2486.0,0.10378117457763475
380,345,2846.0,3191.0,0.1081165778752742
381,422,5409.0,5831.0,0.07237180586520323
382,49,622.0,671.0,0.07302533532041729
383,146,1837.0,1983.0,0.07362581946545638
384,83,1011.0,1094.0,0.07586837294332724
385,105,1373.0,1478.0,0.07104194857916103
386,214,2023.0,2237.0,0.09566383549396514
387,22,611.0,633.0,0.03475513428120063
388,92,1083.0,1175.0,0.07829787234042553
389,37,543.0,580.0,0.06379310344827586
390,118,1360.0,1478.0,0.07983761840324763
391,111,1334.0,1445.0,0.07681660899653979
392,90,1472.0,1562.0,0.05761843790012804
393,72,849.0,921.0,0.0781758957654723
394,139,1661.0,1800.0,0.07722222222222222
395,206,2009.0,2215.0,0.09300225733634311
396,44,517.0,561.0,0.0784313725490196
397,55,770.0,825.0,0.06666666666666667
398,46,717.0,763.0,0.06028833551769332
400,149,1348.0,1497.0,0.09953239812959253
401,90,1133.0,1223.0,0.07358953393295176
402,460,4208.0,4668.0,0.09854327335047129
403,166,1893.0,2059.0,0.08062166100048568
404,95,1005.0,1100.0,0.08636363636363636
405,222,1749.0,1971.0,0.1126331811263318
406,30,327.0,357.0,0.08403361344537816
407,37,602.0,639.0,0.057902973395931145
408,18,185.0,203.0,0.08866995073891626
409,17,351.0,368.0,0.04619565217391304
410,420,3192.0,3612.0,0.11627906976744186
411,64,693.0,757.0,0.0845442536327609
412,22,337.0,359.0,0.06128133704735376
413,18,215.0,233.0,0.07725321888412018
414,5,127.0,132.0,0.03787878787878788
415,27,480.0,507.0,0.05325443786982249
416,18,236.0,254.0,0.07086614173228346
417,16,243.0,259.0,0.06177606177606178
418,11,194.0,205.0,0.05365853658536585
420,88,1079.0,1167.0,0.07540702656383891
421,101,1287.0,1388.0,0.07276657060518732
422,54,1144.0,1198.0,0.045075125208681135
423,80,842.0,922.0,0.08676789587852494
424,53,730.0,783.0,0.06768837803320563
425,28,386.0,414.0,0.06763285024154589
426,12,246.0,258.0,0.046511627906976744
427,80,979.0,1059.0,0.07554296506137866
429,1,1.0,2.0,0.5
430,743,4828.0,5571.0,0.13336923353078442
431,361,3050.0,3411.0,0.10583406625622985
432,542,5708.0,6250.0,0.08672
433,135,1124.0,1259.0,0.10722795869737888
434,123,958.0,1081.0,0.11378353376503238
435,210,1707.0,1917.0,0.10954616588419405
436,185,2195.0,2380.0,0.07773109243697479
437,121,1130.0,1251.0,0.09672262190247802
438,23,369.0,392.0,0.058673469387755105
439,90,1272.0,1362.0,0.06607929515418502
440,637,5018.0,5655.0,0.11264367816091954
441,810,8254.0,9064.0,0.08936451897616945
442,431,3046.0,3477.0,0.12395743457003164
443,154,1792.0,1946.0,0.07913669064748201
444,201,2368.0,2569.0,0.07824056052938887
445,106,1210.0,1316.0,0.08054711246200608
446,298,2400.0,2698.0,0.11045218680504076
447,121,1340.0,1461.0,0.08281998631074607
448,237,2118.0,2355.0,0.10063694267515924
449,72,632.0,704.0,0.10227272727272728
450,508,3394.0,3902.0,0.1301896463352127
451,236,2067.0,2303.0,0.10247503256621798
452,559,4637.0,5196.0,0.10758275596612779
453,307,2880.0,3187.0,0.0963288358958268
454,275,2935.0,3210.0,0.08566978193146417
455,63,681.0,744.0,0.0846774193548387
456,169,2132.0,2301.0,0.07344632768361582
457,69,744.0,813.0,0.08487084870848709
458,227,2037.0,2264.0,0.10026501766784453
460,414,2850.0,3264.0,0.12683823529411764
461,436,3296.0,3732.0,0.11682743837084673
462,697,6060.0,6757.0,0.10315228651768536
463,571,4234.0,4805.0,0.11883454734651405
464,73,955.0,1028.0,0.07101167315175097
465,289,2523.0,2812.0,0.10277382645803698
466,76,852.0,928.0,0.08189655172413793
467,162,1682.0,1844.0,0.0878524945770065
468,171,1737.0,1908.0,0.08962264150943396
469,160,1626.0,1786.0,0.08958566629339305
470,89,564.0,653.0,0.1362940275650842
471,188,1555.0,1743.0,0.1078600114744693
472,108,1108.0,1216.0,0.08881578947368421
473,147,1712.0,1859.0,0.07907477138246369
474,117,1191.0,1308.0,0.08944954128440367
475,81,738.0,819.0,0.0989010989010989
476,80,551.0,631.0,0.12678288431061807
477,78,888.0,966.0,0.08074534161490683
478,99,1048.0,1147.0,0.08631211857018309
479,171,1614.0,1785.0,0.0957983193277311
480,997,7524.0,8521.0,0.1170050463560615
481,1235,9535.0,10770.0,0.11467038068709377
482,381,5507.0,5888.0,0.06470788043478261
483,832,5112.0,5944.0,0.13997308209959622
484,260,2230.0,2490.0,0.10441767068273092
485,67,997.0,1064.0,0.06296992481203008
486,172,1867.0,2039.0,0.08435507601765571
487,107,896.0,1003.0,0.10667996011964108
488,372,2794.0,3166.0,0.11749842072015161
489,105,975.0,1080.0,0.09722222222222222
490,365,3553.0,3918.0,0.09315977539561
491,65,541.0,606.0,0.10726072607260725
492,220,1844.0,2064.0,0.1065891472868217
493,168,1349.0,1517.0,0.11074489123269611
494,266,2505.0,2771.0,0.09599422591122339
495,214,1941.0,2155.0,0.09930394431554525
496,139,1216.0,1355.0,0.1025830258302583
497,118,1006.0,1124.0,0.10498220640569395
498,82,714.0,796.0,0.10301507537688442
499,35,349.0,384.0,0.09114583333333333
500,1,45.0,46.0,0.021739130434782608
510,1,21.0,22.0,0.045454545454545456
511,1,23.0,24.0,0.041666666666666664
513,1,7.0,8.0,0.125
516,1,5.0,6.0,0.16666666666666666
523,1,37.0,38.0,0.02631578947368421
524,1,41.0,42.0,0.023809523809523808
527,1,51.0,52.0,0.019230769230769232
530,419,2691.0,3110.0,0.1347266881028939
531,438,3437.0,3875.0,0.11303225806451613
532,448,5064.0,5512.0,0.08127721335268505
534,57,693.0,750.0,0.076
535,318,2648.0,2966.0,0.10721510451786918
537,139,1256.0,1395.0,0.0996415770609319
538,19,241.0,260.0,0.07307692307692308
539,123,1180.0,1303.0,0.09439754412893323
540,110,687.0,797.0,0.13801756587202008
541,104,1134.0,1238.0,0.0840064620355412
542,40,511.0,551.0,0.07259528130671507
543,95,833.0,928.0,0.10237068965517242
544,182,1536.0,1718.0,0.10593713620488941
545,41,452.0,493.0,0.08316430020283976
546,115,1108.0,1223.0,0.09403107113654947
547,134,1151.0,1285.0,0.10428015564202335
548,98,868.0,966.0,0.10144927536231885
549,223,2181.0,2404.0,0.09276206322795341
550,563,3150.0,3713.0,0.15162941018044707
551,653,3664.0,4317.0,0.15126245077600187
553,909,4592.0,5501.0,0.16524268314851845
554,909,5204.0,6113.0,0.14869949288401768
556,12,66.0,78.0,0.15384615384615385
557,98,787.0,885.0,0.11073446327683616
558,79,539.0,618.0,0.127831715210356
559,235,1512.0,1747.0,0.1345163136805953
560,193,1217.0,1410.0,0.13687943262411348
561,54,395.0,449.0,0.12026726057906459
562,98,593.0,691.0,0.14182344428364688
563,200,1182.0,1382.0,0.1447178002894356
564,81,560.0,641.0,0.12636505460218408
565,94,759.0,853.0,0.11019929660023446
566,51,297.0,348.0,0.14655172413793102
567,43,349.0,392.0,0.1096938775510204
570,116,773.0,889.0,0.13048368953880765
571,128,960.0,1088.0,0.11764705882352941
572,39,297.0,336.0,0.11607142857142858
573,30,357.0,387.0,0.07751937984496124
574,38,270.0,308.0,0.12337662337662338
575,32,229.0,261.0,0.12260536398467432
576,9,57.0,66.0,0.13636363636363635
577,113,1145.0,1258.0,0.08982511923688394
582,1,18.0,19.0,0.05263157894736842
587,1,41.0,42.0,0.023809523809523808
590,44,392.0,436.0,0.10091743119266056
591,111,622.0,733.0,0.15143246930422918
592,30,170.0,200.0,0.15
593,31,201.0,232.0,0.1336206896551724
594,81,639.0,720.0,0.1125
595,21,94.0,115.0,0.1826086956521739
596,67,421.0,488.0,0.13729508196721313
597,126,843.0,969.0,0.13003095975232198
598,116,827.0,943.0,0.12301166489925769
599,101,515.0,616.0,0.16396103896103897
600,1250,7661.0,8911.0,0.14027606329255976
601,1242,7784.0,9026.0,0.13760248171947706
602,59,354.0,413.0,0.14285714285714285
603,61,347.0,408.0,0.14950980392156862
604,1272,9296.0,10568.0,0.12036336109008328
605,887,5225.0,6112.0,0.14512434554973822
606,2273,16127.0,18400.0,0.12353260869565218
607,100,868.0,968.0,0.10330578512396695
608,76,886.0,962.0,0.079002079002079
609,110,926.0,1036.0,0.10617760617760617
610,194,1623.0,1817.0,0.10676940011007155
611,155,1264.0,1419.0,0.10923185341789993
612,110,1141.0,1251.0,0.08792965627498002
613,97,804.0,901.0,0.1076581576026637
614,71,756.0,827.0,0.08585247883917775
615,107,891.0,998.0,0.10721442885771543
616,91,919.0,1010.0,0.0900990099009901
617,132,1140.0,1272.0,0.10377358490566038
618,153,1391.0,1544.0,0.09909326424870467
619,44,494.0,538.0,0.08178438661710037
620,179,1581.0,1760.0,0.10170454545454545
622,340,2688.0,3028.0,0.11228533685601057
623,51,468.0,519.0,0.09826589595375723
624,61,655.0,716.0,0.08519553072625698
625,97,857.0,954.0,0.10167714884696016
626,119,766.0,885.0,0.1344632768361582
627,92,755.0,847.0,0.10861865407319952
628,102,1085.0,1187.0,0.08593091828138164
629,96,1166.0,1262.0,0.07606973058637084
630,500,4269.0,4769.0,0.10484378276368211
631,549,5485.0,6034.0,0.09098442161087172
633,405,2924.0,3329.0,0.12165815560228296
634,37,377.0,414.0,0.0893719806763285
635,21,290.0,311.0,0.06752411575562701
636,52,946.0,998.0,0.052104208416833664
637,71,739.0,810.0,0.08765432098765433
638,37,832.0,869.0,0.04257767548906789
639,26,497.0,523.0,0.0497131931166348
640,508,3822.0,4330.0,0.11732101616628175
641,410,3754.0,4164.0,0.09846301633045149
644,45,499.0,544.0,0.08272058823529412
645,63,592.0,655.0,0.09618320610687023
646,28,330.0,358.0,0.0782122905027933
647,60,580.0,640.0,0.09375
648,137,1286.0,1423.0,0.09627547434996486
650,92,733.0,825.0,0.11151515151515151
651,45,363.0,408.0,0.11029411764705882
652,132,1479.0,1611.0,0.08193668528864059
653,54,638.0,692.0,0.07803468208092486
654,42,560.0,602.0,0.06976744186046512
655,63,843.0,906.0,0.0695364238410596
656,97,1089.0,1186.0,0.081787521079258
657,160,1551.0,1711.0,0.09351256575102279
658,156,1324.0,1480.0,0.10540540540540541
660,424,2868.0,3292.0,0.12879708383961117
661,89,1007.0,1096.0,0.0812043795620438
662,339,2082.0,2421.0,0.14002478314745972
663,1,,,
664,59,889.0,948.0,0.06223628691983123
665,97,726.0,823.0,0.11786148238153099
666,121,1017.0,1138.0,0.1063268892794376
667,88,681.0,769.0,0.11443433029908973
668,33,339.0,372.0,0.08870967741935484
669,13,125.0,138.0,0.09420289855072464
670,118,1020.0,1138.0,0.10369068541300527
671,82,579.0,661.0,0.12405446293494705
672,293,2482.0,2775.0,0.10558558558558559
673,28,416.0,444.0,0.06306306306306306
674,81,716.0,797.0,0.10163111668757842
675,76,554.0,630.0,0.12063492063492064
676,42,283.0,325.0,0.12923076923076923
677,22,163.0,185.0,0.11891891891891893
678,80,562.0,642.0,0.12461059190031153
679,19,166.0,185.0,0.10270270270270271
680,1,44.0,45.0,0.022222222222222223
681,2,196.0,198.0,0.010101010101010102
682,1,5.0,6.0,0.16666666666666666
685,1,79.0,80.0,0.0125
700,397,4637.0,5034.0,0.0788637266587207
701,252,3015.0,3267.0,0.07713498622589532
703,174,2125.0,2299.0,0.07568508046976946
704,278,2818.0,3096.0,0.08979328165374677
705,369,4170.0,4539.0,0.08129543952412426
706,131,1812.0,1943.0,0.06742151312403499
707,312,2629.0,2941.0,0.10608636518191092
708,252,2752.0,3004.0,0.08388814913448735
710,95,1068.0,1163.0,0.08168529664660361
711,190,2432.0,2622.0,0.07246376811594203
712,146,2150.0,2296.0,0.06358885017421603
713,81,1294.0,1375.0,0.05890909090909091
714,88,1320.0,1408.0,0.0625
716,89,1242.0,1331.0,0.06686701728024042
717,52,821.0,873.0,0.05956471935853379
718,45,742.0,787.0,0.05717916137229987
719,87,1113.0,1200.0,0.0725
720,290,3068.0,3358.0,0.08636092912447886
721,216,2268.0,2484.0,0.08695652173913043
722,152,1628.0,1780.0,0.0853932584269663
723,87,1232.0,1319.0,0.06595905989385899
724,114,1609.0,1723.0,0.0661636680208938
725,45,576.0,621.0,0.07246376811594203
726,75,771.0,846.0,0.08865248226950355
727,339,2940.0,3279.0,0.10338517840805124
728,67,727.0,794.0,0.08438287153652393
729,142,1376.0,1518.0,0.09354413702239789
730,429,3635.0,4064.0,0.10556102362204725
731,356,3910.0,4266.0,0.08345053914674168
734,46,508.0,554.0,0.08303249097472924
735,117,1558.0,1675.0,0.06985074626865671
736,25,284.0,309.0,0.08090614886731391
737,48,482.0,530.0,0.09056603773584905
738,17,162.0,179.0,0.09497206703910614
739,19,146.0,165.0,0.11515151515151516
740,429,3411.0,3840.0,0.11171875
741,260,2193.0,2453.0,0.1059926620464737
743,51,711.0,762.0,0.06692913385826772
744,96,1169.0,1265.0,0.07588932806324111
745,29,467.0,496.0,0.05846774193548387
746,28,324.0,352.0,0.07954545454545454
747,44,439.0,483.0,0.09109730848861283
748,75,1018.0,1093.0,0.0686184812442818
749,47,636.0,683.0,0.06881405563689605
750,2546,15356.0,17902.0,0.14221874650876998
751,666,5963.0,6629.0,0.10046764217830743
752,856,7503.0,8359.0,0.10240459385093911
753,13,42.0,55.0,0.23636363636363636
754,228,2198.0,2426.0,0.09398186314921682
755,62,918.0,980.0,0.06326530612244897
756,156,1948.0,2104.0,0.0741444866920152
757,220,2124.0,2344.0,0.09385665529010238
758,42,626.0,668.0,0.06287425149700598
759,116,1568.0,1684.0,0.0688836104513064
760,1081,8629.0,9710.0,0.11132852729145211
761,785,6517.0,7302.0,0.10750479320734045
762,513,3112.0,3625.0,0.14151724137931035
763,98,1215.0,1313.0,0.07463823305407463
764,70,734.0,804.0,0.08706467661691543
765,429,5549.0,5978.0,0.07176313148210103
766,85,928.0,1013.0,0.08390918065153011
767,74,1001.0,1075.0,0.06883720930232558
768,41,476.0,517.0,0.07930367504835589
769,84,905.0,989.0,0.08493427704752275
770,1795,17900.0,19695.0,0.09113988321909114
772,12,135.0,147.0,0.08163265306122448
773,1044,8008.0,9052.0,0.11533362792752982
774,1035,6991.0,8026.0,0.12895589334662347
775,829,7324.0,8153.0,0.1016803630565436
776,102,1561.0,1663.0,0.06133493686109441
777,57,845.0,902.0,0.06319290465631928
778,154,1694.0,1848.0,0.08333333333333333
779,81,829.0,910.0,0.08901098901098901
780,285,3211.0,3496.0,0.08152173913043478
781,257,2888.0,3145.0,0.08171701112877583
782,965,11912.0,12877.0,0.07493981517434185
783,106,1486.0,1592.0,0.06658291457286432
784,170,2084.0,2254.0,0.07542147293700088
785,503,7095.0,7598.0,0.06620163200842327
786,844,6067.0,6911.0,0.12212414990594704
787,841,5771.0,6612.0,0.12719298245614036
788,95,1156.0,1251.0,0.0759392486011191
789,56,379.0,435.0,0.12873563218390804
790,125,1111.0,1236.0,0.1011326860841424
791,157,1356.0,1513.0,0.1037673496364838
792,30,162.0,192.0,0.15625
793,65,766.0,831.0,0.07821901323706378
794,164,1713.0,1877.0,0.08737346830047948
795,60,498.0,558.0,0.10752688172043011
796,82,788.0,870.0,0.09425287356321839
797,275,2452.0,2727.0,0.10084341767510084
798,30,345.0,375.0,0.08
799,592,5866.0,6458.0,0.09166924744502943
800,940,5577.0,6517.0,0.1442381463863741
801,742,3587.0,4329.0,0.1714021714021714
802,1028,6195.0,7223.0,0.1423231344316766
803,67,415.0,482.0,0.13900414937759337
804,169,995.0,1164.0,0.14518900343642613
805,450,2680.0,3130.0,0.14376996805111822
806,274,1578.0,1852.0,0.14794816414686826
807,53,389.0,442.0,0.11990950226244344
808,109,877.0,986.0,0.1105476673427992
809,473,4733.0,5206.0,0.09085670380330388
810,172,1410.0,1582.0,0.10872313527180784
811,52,478.0,530.0,0.09811320754716982
812,51,485.0,536.0,0.09514925373134328
813,45,341.0,386.0,0.11658031088082901
814,50,403.0,453.0,0.11037527593818984
815,123,877.0,1000.0,0.123
816,119,766.0,885.0,0.1344632768361582
820,136,936.0,1072.0,0.12686567164179105
821,1,7.0,8.0,0.125
822,17,151.0,168.0,0.10119047619047619
823,15,127.0,142.0,0.1056338028169014
824,43,252.0,295.0,0.14576271186440679
825,31,206.0,237.0,0.1308016877637131
826,89,600.0,689.0,0.12917271407837447
827,76,417.0,493.0,0.15415821501014199
828,32,221.0,253.0,0.12648221343873517
829,93,448.0,541.0,0.17190388170055454
830,20,87.0,107.0,0.18691588785046728
831,27,113.0,140.0,0.19285714285714287
832,1,49.0,50.0,0.02
833,1,55.0,56.0,0.017857142857142856
834,2,41.0,43.0,0.046511627906976744
836,1,114.0,115.0,0.008695652173913044
840,856,5981.0,6837.0,0.12520111159865438
841,376,3143.0,3519.0,0.10684853651605569
843,81,768.0,849.0,0.09540636042402827
844,106,890.0,996.0,0.10642570281124498
845,15,244.0,259.0,0.05791505791505792
846,124,1019.0,1143.0,0.1084864391951006
847,106,940.0,1046.0,0.10133843212237094
850,1022,7292.0,8314.0,0.12292518643252345
851,327,2540.0,2867.0,0.11405650505755145
852,1528,8372.0,9900.0,0.15434343434343434
853,1135,7903.0,9038.0,0.1255808807258243
854,1,11.0,12.0,0.08333333333333333
855,66,504.0,570.0,0.11578947368421053
856,312,1728.0,2040.0,0.15294117647058825
857,615,4699.0,5314.0,0.11573202860368836
859,53,308.0,361.0,0.14681440443213298
860,103,795.0,898.0,0.11469933184855234
861,1,15.0,16.0,0.0625
863,179,1231.0,1410.0,0.12695035460992907
864,152,1284.0,1436.0,0.10584958217270195
865,16,214.0,230.0,0.06956521739130435
870,97,1030.0,1127.0,0.08606921029281278
871,543,4465.0,5008.0,0.10842651757188498
873,24,366.0,390.0,0.06153846153846154
874,90,663.0,753.0,0.11952191235059761
875,156,1132.0,1288.0,0.12111801242236025
877,19,220.0,239.0,0.0794979079497908
878,14,93.0,107.0,0.1308411214953271
879,7,66.0,73.0,0.0958904109589041
880,163,1655.0,1818.0,0.08965896589658966
881,55,479.0,534.0,0.10299625468164794
882,128,1105.0,1233.0,0.10381184103811841
883,59,505.0,564.0,0.10460992907801418
884,5,137.0,142.0,0.035211267605633804
888,1,2.0,3.0,0.3333333333333333
889,1,4.0,5.0,0.2
890,811,5272.0,6083.0,0.13332237382870293
891,1635,12175.0,13810.0,0.11839246922519914
893,18,61.0,79.0,0.22784810126582278
894,291,2018.0,2309.0,0.12602858380251192
895,308,1900.0,2208.0,0.13949275362318841
897,57,439.0,496.0,0.11491935483870967
898,106,491.0,597.0,0.17755443886097153
900,1787,15331.0,17118.0,0.10439303656969272
901,1,8.0,9.0,0.1111111111111111
902,931,7350.0,8281.0,0.11242603550295859
903,123,1003.0,1126.0,0.10923623445825932
904,135,566.0,701.0,0.19258202567760344
905,177,1017.0,1194.0,0.14824120603015076
906,710,4897.0,5607.0,0.12662742999821652
907,627,4317.0,4944.0,0.12682038834951456
908,479,3455.0,3934.0,0.1217590238942552
909,1,6.0,7.0,0.14285714285714285
910,271,1591.0,1862.0,0.14554242749731472
911,141,889.0,1030.0,0.13689320388349516
912,200,1472.0,1672.0,0.11961722488038277
913,1391,9004.0,10395.0,0.1338143338143338
914,266,2149.0,2415.0,0.11014492753623188
915,123,834.0,957.0,0.12852664576802508
916,259,1658.0,1917.0,0.13510693792383932
917,1685,12304.0,13989.0,0.1204517835442133
918,82,499.0,581.0,0.14113597246127366
919,603,4825.0,5428.0,0.1110906411201179
920,1106,8080.0,9186.0,0.12040060962333987
921,1427,9806.0,11233.0,0.12703641057598147
922,605,5179.0,5784.0,0.10459889349930844
923,936,8858.0,9794.0,0.09556871554012661
924,125,1757.0,1882.0,0.06641870350690754
925,1315,11109.0,12424.0,0.10584352865421764
926,1355,7857.0,9212.0,0.14709075119409465
927,304,2454.0,2758.0,0.11022480058013052
928,1076,7945.0,9021.0,0.1192772419909101
929,1,8.0,9.0,0.1111111111111111
930,599,4061.0,4660.0,0.12854077253218885
931,146,851.0,997.0,0.1464393179538616
932,427,3872.0,4299.0,0.0993254245173296
933,415,4327.0,4742.0,0.08751581611134543
934,343,2508.0,2851.0,0.12030866362679761
935,422,4096.0,4518.0,0.0934041611332448
936,315,2748.0,3063.0,0.10284035259549461
937,336,3074.0,3410.0,0.09853372434017596
938,1,8.0,9.0,0.1111111111111111
939,276,1786.0,2062.0,0.1338506304558681
940,845,4592.0,5437.0,0.15541659003126723
941,1020,4902.0,5922.0,0.17223910840932116
942,2,15.0,17.0,0.11764705882352941
943,58,349.0,407.0,0.14250614250614252
944,151,844.0,995.0,0.15175879396984926
945,2418,15086.0,17504.0,0.1381398537477148
946,394,2531.0,2925.0,0.1347008547008547
947,77,560.0,637.0,0.12087912087912088
948,149,1114.0,1263.0,0.11797307996832937
949,366,1833.0,2199.0,0.1664392905866303
950,675,3998.0,4673.0,0.14444682216991225
951,942,5609.0,6551.0,0.1437948404823691
952,357,3101.0,3458.0,0.10323886639676114
953,875,6537.0,7412.0,0.11805180787911494
954,385,2472.0,2857.0,0.13475673783689185
955,91,711.0,802.0,0.11346633416458853
956,1114,7289.0,8403.0,0.13257170058312506
957,413,2316.0,2729.0,0.15133748625870283
958,804,6301.0,7105.0,0.11315974665728361
959,358,2956.0,3314.0,0.108026554013277
960,178,1798.0,1976.0,0.09008097165991903
961,101,633.0,734.0,0.13760217983651227
962,10,38.0,48.0,0.20833333333333334
963,4,89.0,93.0,0.043010752688172046
967,843,8570.0,9413.0,0.08955699564432168
968,349,2926.0,3275.0,0.1065648854961832
970,646,3786.0,4432.0,0.1457581227436823
971,280,1539.0,1819.0,0.15393073117097306
972,664,3814.0,4478.0,0.14828048235819563
973,430,2901.0,3331.0,0.129090363254278
974,371,2660.0,3031.0,0.12240184757505773
975,211,1422.0,1633.0,0.129210042865891
976,34,415.0,449.0,0.0757238307349666
977,170,1165.0,1335.0,0.12734082397003746
978,98,760.0,858.0,0.11421911421911422
979,11,126.0,137.0,0.08029197080291971
980,1087,6433.0,7520.0,0.14454787234042554
981,725,3832.0,4557.0,0.15909589642308536
982,659,4478.0,5137.0,0.12828499124002335
983,606,4291.0,4897.0,0.12374923422503574
984,284,2836.0,3120.0,0.09102564102564102
985,344,2779.0,3123.0,0.11015049631764329
986,475,2918.0,3393.0,0.1399941055113469
988,142,1039.0,1181.0,0.12023708721422523
989,184,1273.0,1457.0,0.1262868908716541
990,105,732.0,837.0,0.12544802867383512
991,57,470.0,527.0,0.10815939278937381
992,210,1633.0,1843.0,0.11394465545306566
993,228,1643.0,1871.0,0.12185996793158739
994,11,97.0,108.0,0.10185185185185185
995,281,2118.0,2399.0,0.11713213839099625
996,133,865.0,998.0,0.13326653306613226
997,111,796.0,907.0,0.12238147739801543
998,43,252.0,295.0,0.14576271186440679
999,25,148.0,173.0,0.14450867052023122
